startWKT,mentalModel,wktWayPoints
POINT (1112753.55555244 7085448.85377053),FollowWayPointsMentalModel,"[POINT (1112753.55555244 7085448.85377053), POINT (1112755.25833388 7085450.51343115)]"
POINT (1112755.25833388 7085450.51343115),FollowWayPointsMentalModel,"[POINT (1112753.55555244 7085448.85377053), POINT (1112755.25833388 7085450.51343115)]"
POINT (1112780.18870362 7085357.09522007),FollowWayPointsMentalModel,"[POINT (1112753.55555244 7085448.85377053), POINT (1112755.25833388 7085450.51343115)]"
POINT (1112826.94585692 7085379.75571561),FollowWayPointsMentalModel,"[POINT (1112753.55555244 7085448.85377053), POINT (1112755.25833388 7085450.51343115)]"
